{
    "BRL": {
        "2018": {
            "June": {
                "ThisMonthSpend": 1168.1400000000003,
                "LastMonthSpend": 1595.3199999999997,
                "ThisMonthEarned": 0.0,
                "LastMonthEarned": 2183.05,
                "ThisMonthTotalSaving": 1400.0000000000036,
                "ThisMonthTotalBalance": 178.60000000003492,
                "LastMonthTotalSaving": 1400.0000000000036,
                "LastMonthTotalBalance": 1346.7400000000343,
                "ThisMonthBalance1": 110.73999999997613,
                "ThisMonthBalance2": 0.049999999999954525,
                "ThisMonthBalance3": 67.81000000000131,
                "ThisMonthSaving1": 1200.0,
                "ThisMonthSaving2": 0.0,
                "ThisMonthSaving3": 200.0,
                "LastMonthSaving1": 1200.0,
                "LastMonthSaving2": 0.0,
                "LastMonthSaving3": 200.0,
                "LastMonthBalance1": 1175.5299999999843,
                "LastMonthBalance2": 2.2000000000000455,
                "LastMonthBalance3": 169.01000000000113,
                "MonthInvestment": 6377.42,
                "WeekSpending": 0.0,
                "Quarter1Investment": 27057.46,
                "Quarter2Investment": 7420.63,
                "Quarter3Investment": 17677.42,
                "Quarter4Investment": 26937.010000000002,
                "Quarter1Spending": 5482.299999999998,
                "Quarter2Spending": 1168.1400000000003,
                "Quarter3Spending": 0.0,
                "Quarter4Spending": 0.0,
                "AverageSpending": 38.94,
                "MaximalSpending": 720.0,
                "MinimalSpending": 1.95,
                "TodaySpending": 0.0,
                "LastMonthAvSpending": 51.46,
                "SpendingClothesMonthNum1": 0.0,
                "SpendingClothesMonthNum2": 46.0,
                "SpendingClothesMonthNum3": 0.0,
                "SpendingClothesMonthNum4": 0.0,
                "SpendingClothesMonthNum5": 0.0,
                "SpendingClothesMonthNum6": 45.96,
                "SpendingClothesMonthNum7": 0.0,
                "SpendingClothesMonthNum8": 0.0,
                "SpendingClothesMonthNum9": 0.0,
                "SpendingClothesMonthNum10": 0.0,
                "SpendingClothesMonthNum11": 0.0,
                "SpendingClothesMonthNum12": 0.0,
                "SpendingCreditCardPaymentMonthNum1": 0.0,
                "SpendingCreditCardPaymentMonthNum2": 0.0,
                "SpendingCreditCardPaymentMonthNum3": 0.0,
                "SpendingCreditCardPaymentMonthNum4": 0.0,
                "SpendingCreditCardPaymentMonthNum5": 0.0,
                "SpendingCreditCardPaymentMonthNum6": 0.0,
                "SpendingCreditCardPaymentMonthNum7": 0.0,
                "SpendingCreditCardPaymentMonthNum8": 0.0,
                "SpendingCreditCardPaymentMonthNum9": 0.0,
                "SpendingCreditCardPaymentMonthNum10": 0.0,
                "SpendingCreditCardPaymentMonthNum11": 0.0,
                "SpendingCreditCardPaymentMonthNum12": 0.0,
                "SpendingGadgetsMonthNum1": 118.38,
                "SpendingGadgetsMonthNum2": 0.0,
                "SpendingGadgetsMonthNum3": 54.370000000000005,
                "SpendingGadgetsMonthNum4": 39.0,
                "SpendingGadgetsMonthNum5": 0.0,
                "SpendingGadgetsMonthNum6": 0.0,
                "SpendingGadgetsMonthNum7": 594.74,
                "SpendingGadgetsMonthNum8": 11.31,
                "SpendingGadgetsMonthNum9": 104.24000000000001,
                "SpendingGadgetsMonthNum10": 78.0,
                "SpendingGadgetsMonthNum11": 53.94,
                "SpendingGadgetsMonthNum12": 29.99,
                "SpendingTaxesMonthNum1": 1.7,
                "SpendingTaxesMonthNum2": 1.7,
                "SpendingTaxesMonthNum3": 1.7,
                "SpendingTaxesMonthNum4": 1.7,
                "SpendingTaxesMonthNum5": 1.7,
                "SpendingTaxesMonthNum6": 1.7,
                "SpendingTaxesMonthNum7": 1.7,
                "SpendingTaxesMonthNum8": 1.7,
                "SpendingTaxesMonthNum9": 1.7,
                "SpendingTaxesMonthNum10": 1.7,
                "SpendingTaxesMonthNum11": 1.7,
                "SpendingTaxesMonthNum12": 1.95,
                "SpendingLeisureMonthNum1": 38.34,
                "SpendingLeisureMonthNum2": 158.55,
                "SpendingLeisureMonthNum3": 212.51999999999998,
                "SpendingLeisureMonthNum4": 82.8,
                "SpendingLeisureMonthNum5": 0.0,
                "SpendingLeisureMonthNum6": 73.18,
                "SpendingLeisureMonthNum7": 168.37,
                "SpendingLeisureMonthNum8": 3.91,
                "SpendingLeisureMonthNum9": 4.03,
                "SpendingLeisureMonthNum10": 8.75,
                "SpendingLeisureMonthNum11": 50.64,
                "SpendingLeisureMonthNum12": 5.25,
                "SpendingSupermarketMonthNum1": 245.00000000000003,
                "SpendingSupermarketMonthNum2": 233.81000000000003,
                "SpendingSupermarketMonthNum3": 224.29999999999998,
                "SpendingSupermarketMonthNum4": 225.56999999999996,
                "SpendingSupermarketMonthNum5": 50.11,
                "SpendingSupermarketMonthNum6": 246.84,
                "SpendingSupermarketMonthNum7": 161.61,
                "SpendingSupermarketMonthNum8": 245.93,
                "SpendingSupermarketMonthNum9": 286.22,
                "SpendingSupermarketMonthNum10": 238.57999999999998,
                "SpendingSupermarketMonthNum11": 224.23999999999995,
                "SpendingSupermarketMonthNum12": 201.75,
                "SpendingFoodMonthNum1": 39.85,
                "SpendingFoodMonthNum2": 34.29,
                "SpendingFoodMonthNum3": 38.05,
                "SpendingFoodMonthNum4": 36.98,
                "SpendingFoodMonthNum5": 29.21,
                "SpendingFoodMonthNum6": 42.629999999999995,
                "SpendingFoodMonthNum7": 51.3,
                "SpendingFoodMonthNum8": 21.04,
                "SpendingFoodMonthNum9": 26.64,
                "SpendingFoodMonthNum10": 6.5,
                "SpendingFoodMonthNum11": 46.3,
                "SpendingFoodMonthNum12": 18.35,
                "SpendingOthersMonthNum1": 67.00999999999999,
                "SpendingOthersMonthNum2": 26.220000000000002,
                "SpendingOthersMonthNum3": 103.53000000000002,
                "SpendingOthersMonthNum4": 251.51999999999998,
                "SpendingOthersMonthNum5": 9.45,
                "SpendingOthersMonthNum6": 77.95,
                "SpendingOthersMonthNum7": 10.18,
                "SpendingOthersMonthNum8": 313.85,
                "SpendingOthersMonthNum9": 131.29000000000002,
                "SpendingOthersMonthNum10": 66.69999999999999,
                "SpendingOthersMonthNum11": 349.03,
                "SpendingOthersMonthNum12": 79.65,
                "SpendingTransportMonthNum1": 10.0,
                "SpendingTransportMonthNum2": 0.0,
                "SpendingTransportMonthNum3": 0.0,
                "SpendingTransportMonthNum4": 0.0,
                "SpendingTransportMonthNum5": 20.0,
                "SpendingTransportMonthNum6": 10.0,
                "SpendingTransportMonthNum7": 30.0,
                "SpendingTransportMonthNum8": 0.0,
                "SpendingTransportMonthNum9": 0.0,
                "SpendingTransportMonthNum10": 10.0,
                "SpendingTransportMonthNum11": 0.0,
                "SpendingTransportMonthNum12": 10.0,
                "SpendingRentMonthNum1": 486.0,
                "SpendingRentMonthNum2": 486.0,
                "SpendingRentMonthNum3": 486.0,
                "SpendingRentMonthNum4": 486.0,
                "SpendingRentMonthNum5": 486.0,
                "SpendingRentMonthNum6": 486.0,
                "SpendingRentMonthNum7": 486.0,
                "SpendingRentMonthNum8": 486.0,
                "SpendingRentMonthNum9": 1490.0,